
    [
    {
        "id":1,
        "name":"Which components can be injected as a dependency in AngularJS?",
        "options": ["Value","Factory","Service","All of the above"],
        "answer":"All of the above"
    },
    {
        "id":2,
        "name":"Which of the following module is required for routing?",
        "options": ["angular.js","angular-route.js","angularRouting.js","route.js"],
        "answer":"angular-route.js"
    },
    {
        "id":3,
        "name":"Which of the following directive allows us to use form?",
        "options": ["ng-include","ng-form","ng-bind","ng-attach"],
        "answer":"ng-form"
    },
    {
        "id":4,
        "name":"The ng-change directive must be used with ng-model directives.",
        "options": ["True","False","Sometimes","None of the above"],
        "answer":"True"
    },
    {
        "id":5,
        "name":"The ng-bind directive binds",
        "options": ["Data to model","View to controller","Model to HTML element","Model to $scope"],
        "answer":"Model to HTML element"
    },
    {
        "id":6,
        "name":"The ng-model directive is used for-",
        "options": ["One-way data binding","Two-way data binding","Binding view to controller","None of the above"],
        "answer":"Two-way data binding"
    },
    {
        "id":7,
        "name":"AngularJS directives can be written in HTML element as:",
        "options": ["Tag","Attribute","Class name","All of the above"],
        "answer":"All of the above"
    },
    {
        "id":8,
        "name":"Which of the following statements are true?",
        "options": ["Expression cannot contain condition, loop or RegEx","Expression cannot declare a function","Expression cannot contain comma, void or return keyword","All of the above"],
        "answer":"All of the above"
    },
    {
        "id":9,
        "name":"Which of the following directive bootstraps AngularJS framework?",
        "options": ["ng-init","ng-app","ng-controller","ng-bootstrap"],
        "answer":"ng-app"
    },
    {
        "id":10,
        "name":"AngularJS directives are used in?",
        "options": ["Model","View","Controller","Module"],
        "answer":"View"
    }
]
